"","SCHOOL_WARD","SCHOOL_NAME","ASSESSMENT_TYPE","SUBJECT","TESTED_GRADE_SUBJECT","SUBGROUP","SUBGROUP_VALUE","PERCENT_MEETING_OR_EXCEEDING_E","TOTAL_NUMBER_VALID_TEST_TAKERS"
"1","Ward 8","Achievement Preparatory Academy PCS Wahler Place Elementary School","PARCC","Math","Grade 3","Gender","Female",NA,"n<25"
"2","Ward 8","Achievement Preparatory Academy PCS Wahler Place Elementary School","PARCC","Math","Grade 3","Gender","Male",27.3,"33"
"3","Ward 8","Achievement Preparatory Academy PCS Wahler Place Elementary School","PARCC","Math","Grade 3","Race/Ethnicity","Black/African American",26.8,"56"
"4","Ward 8","Achievement Preparatory Academy PCS Wahler Place Elementary School","PARCC","Math","Grade 3","Special Programs","Economically Disadvantaged",23.8,"42"
"5","Ward 7","Aiton ES","PARCC","Math","Grade 3","Gender","Female",NA,"n<25"
"6","Ward 7","Aiton ES","PARCC","Math","Grade 3","Gender","Male",NA,"n<25"
"7","Ward 7","Aiton ES","PARCC","Math","Grade 3","Race/Ethnicity","Black/African American",9.4,"32"
"8","Ward 6","Amidon Bowen ES","PARCC","Math","Grade 3","Gender","Male",10.5,"38"
"9","Ward 6","Amidon Bowen ES","PARCC","Math","Grade 3","Race/Ethnicity","Black/African American",6.3,"48"
"10","Ward 6","Amidon Bowen ES","PARCC","Math","Grade 3","Race/Ethnicity","Hispanic/Latino",NA,"n<25"
"11","Ward 6","Amidon Bowen ES","PARCC","Math","Grade 3","Special Programs","Economically Disadvantaged",7.5,"53"
"12","Ward 7","Aiton ES","PARCC","Math","Grade 3","Special Programs","Economically Disadvantaged",9.4,"32"
"13","Ward 6","Amidon Bowen ES","PARCC","Math","Grade 3","Gender","Female",NA,"n<25"
"14","Ward 1","Bancroft ES at Sharpe","PARCC","Math","Grade 3","Gender","Female",27.8,"36"
"15","Ward 1","Bancroft ES at Sharpe","PARCC","Math","Grade 3","Gender","Male",33.3,"30"
"16","Ward 1","Bancroft ES at Sharpe","PARCC","Math","Grade 3","Race/Ethnicity","Black/African American",NA,"n<25"
"17","Ward 1","Bancroft ES at Sharpe","PARCC","Math","Grade 3","Race/Ethnicity","Hispanic/Latino",18.8,"48"
"18","Ward 4","Barnard ES","PARCC","Math","Grade 3","Gender","Female",19.4,"36"
"19","Ward 4","Barnard ES","PARCC","Math","Grade 3","Gender","Male",34.1,"41"
"20","Ward 4","Barnard ES","PARCC","Math","Grade 3","Race/Ethnicity","Black/African American",34.1,"41"
"21","Ward 4","Barnard ES","PARCC","Math","Grade 3","Race/Ethnicity","Hispanic/Latino",19.4,"36"
"22","Ward 4","Barnard ES","PARCC","Math","Grade 3","Special Programs","Economically Disadvantaged",27.6,"76"
"23","Ward 1","Bancroft ES at Sharpe","PARCC","Math","Grade 3","Special Programs","Economically Disadvantaged",24.5,"49"
"24","Ward 7","Beers ES","PARCC","Math","Grade 3","Gender","Female",NA,"n<25"
"25","Ward 7","Beers ES","PARCC","Math","Grade 3","Gender","Male",25.9,"27"
"26","Ward 7","Beers ES","PARCC","Math","Grade 3","Race/Ethnicity","Black/African American",20.8,"48"
"27","Ward 7","Beers ES","PARCC","Math","Grade 3","Race/Ethnicity","Hispanic/Latino",NA,"n<25"
"28","Ward 7","Beers ES","PARCC","Math","Grade 3","Special Programs","Economically Disadvantaged",20.4,"49"
"29","Ward 6","Brent ES","PARCC","Math","Grade 3","Gender","Female",53.8,"26"
"30","Ward 6","Brent ES","PARCC","Math","Grade 3","Gender","Male",69,"29"
"31","Ward 6","Brent ES","PARCC","Math","Grade 3","Race/Ethnicity","Black/African American",NA,"n<25"
"32","Ward 6","Brent ES","PARCC","Math","Grade 3","Race/Ethnicity","Hispanic/Latino",NA,"n<25"
"33","Ward 6","Brent ES","PARCC","Math","Grade 3","Special Programs","Economically Disadvantaged",NA,"n<25"
"34","Ward 4","Brightwood EC","PARCC","Math","Grade 3","Gender","Female",NA,"n<25"
"35","Ward 4","Brightwood EC","PARCC","Math","Grade 3","Gender","Male",26.7,"30"
"36","Ward 4","Brightwood EC","PARCC","Math","Grade 3","Race/Ethnicity","Black/African American",NA,"n<25"
"37","Ward 4","Brightwood EC","PARCC","Math","Grade 3","Race/Ethnicity","Hispanic/Latino",30.6,"36"
"38","Ward 4","Brightwood EC","PARCC","Math","Grade 3","Special Programs","Economically Disadvantaged",30,"50"
"39","Ward 5","Browne EC","PARCC","Math","Grade 3","Race/Ethnicity","Black/African American",5.6,"36"
"40","Ward 5","Browne EC","PARCC","Math","Grade 3","Race/Ethnicity","Hispanic/Latino",NA,"n<25"
"41","Ward 5","Browne EC","PARCC","Math","Grade 3","Special Programs","Economically Disadvantaged",5.4,"37"
"42","Ward 5","Browne EC","PARCC","Math","Grade 3","Gender","Female",NA,"n<25"
"43","Ward 5","Browne EC","PARCC","Math","Grade 3","Gender","Male",NA,"n<25"
"44","Ward 1","Bruce Monroe ES at Park View","PARCC","Math","Grade 3","Special Programs","Economically Disadvantaged",29.8,"57"
"45","Ward 1","Bruce Monroe ES at Park View","PARCC","Math","Grade 3","Gender","Female",NA,"n<25"
"46","Ward 1","Bruce Monroe ES at Park View","PARCC","Math","Grade 3","Gender","Male",33.3,"33"
"47","Ward 1","Bruce Monroe ES at Park View","PARCC","Math","Grade 3","Race/Ethnicity","Black/African American",NA,"n<25"
"48","Ward 1","Bruce Monroe ES at Park View","PARCC","Math","Grade 3","Race/Ethnicity","Hispanic/Latino",34.8,"46"
"49","Ward 5","Burroughs ES","PARCC","Math","Grade 3","Gender","Female",NA,"n<25"
"50","Ward 5","Burroughs ES","PARCC","Math","Grade 3","Gender","Male",NA,"n<25"
"51","Ward 5","Burroughs ES","PARCC","Math","Grade 3","Race/Ethnicity","Black/African American",42.3,"26"
"52","Ward 5","Burroughs ES","PARCC","Math","Grade 3","Race/Ethnicity","Hispanic/Latino",NA,"n<25"
"53","Ward 5","Burroughs ES","PARCC","Math","Grade 3","Special Programs","Economically Disadvantaged",40,"30"
"54","Ward 7","C W  Harris ES","PARCC","Math","Grade 3","Gender","Female",NA,"n<25"
"55","Ward 7","C W  Harris ES","PARCC","Math","Grade 3","Gender","Male",NA,"n<25"
"56","Ward 7","C W  Harris ES","PARCC","Math","Grade 3","Race/Ethnicity","Black/African American",4.9,"41"
"57","Ward 7","C W  Harris ES","PARCC","Math","Grade 3","Special Programs","Economically Disadvantaged",4.9,"41"
"58","Ward 7","Burrville ES","PARCC","Math","Grade 3","Race/Ethnicity","Black/African American",11.9,"42"
"59","Ward 7","Burrville ES","PARCC","Math","Grade 3","Special Programs","Economically Disadvantaged",11.9,"42"
"60","Ward 7","Burrville ES","PARCC","Math","Grade 3","Gender","Female",NA,"n<25"
"61","Ward 7","Burrville ES","PARCC","Math","Grade 3","Gender","Male",NA,"n<25"
"62","Ward 5","City Arts & Prep PCS","PARCC","Math","Grade 3","Gender","Female",NA,"n<25"
"63","Ward 5","City Arts & Prep PCS","PARCC","Math","Grade 3","Gender","Male",NA,"n<25"
"64","Ward 5","City Arts & Prep PCS","PARCC","Math","Grade 3","Race/Ethnicity","Black/African American",27.9,"43"
"65","Ward 5","City Arts & Prep PCS","PARCC","Math","Grade 3","Special Programs","Economically Disadvantaged",27.9,"43"
"66","Ward 5","Center City PCS Trinidad","PARCC","Math","Grade 3","Special Programs","Economically Disadvantaged",NA,"n<25"
"67","Ward 4","Capital City PCS Lower School","PARCC","Math","Grade 3","Gender","Female",7.7,"26"
"68","Ward 4","Capital City PCS Lower School","PARCC","Math","Grade 3","Gender","Male",NA,"n<25"
"69","Ward 4","Capital City PCS Lower School","PARCC","Math","Grade 3","Race/Ethnicity","Black/African American",NA,"n<25"
"70","Ward 4","Capital City PCS Lower School","PARCC","Math","Grade 3","Race/Ethnicity","Hispanic/Latino",NA,"n<25"
"71","Ward 1","Cleveland ES","PARCC","Math","Grade 3","Race/Ethnicity","Black/African American",NA,"n<25"
"72","Ward 1","Cleveland ES","PARCC","Math","Grade 3","Race/Ethnicity","Hispanic/Latino",NA,"n<25"
"73","Ward 1","Cleveland ES","PARCC","Math","Grade 3","Special Programs","Economically Disadvantaged",41.2,"34"
"74","Ward 4","Capital City PCS Lower School","PARCC","Math","Grade 3","Special Programs","Economically Disadvantaged",6.5,"31"
"75","Ward 1","Cleveland ES","PARCC","Math","Grade 3","Gender","Female",NA,"n<25"
"76","Ward 1","Cleveland ES","PARCC","Math","Grade 3","Gender","Male",NA,"n<25"
"77","Ward 6","Center City PCS Shaw","PARCC","Math","Grade 3","Gender","Female",NA,"n<25"
"78","Ward 6","Center City PCS Shaw","PARCC","Math","Grade 3","Gender","Male",NA,"n<25"
"79","Ward 6","Center City PCS Shaw","PARCC","Math","Grade 3","Race/Ethnicity","Black/African American",NA,"n<25"
"80","Ward 6","Center City PCS Shaw","PARCC","Math","Grade 3","Race/Ethnicity","Hispanic/Latino",NA,"n<25"
"81","Ward 6","Center City PCS Shaw","PARCC","Math","Grade 3","Special Programs","Economically Disadvantaged",NA,"n<25"
"82","Ward 5","Center City PCS Trinidad","PARCC","Math","Grade 3","Gender","Female",NA,"n<25"
"83","Ward 5","Center City PCS Trinidad","PARCC","Math","Grade 3","Gender","Male",NA,"n<25"
"84","Ward 5","Center City PCS Trinidad","PARCC","Math","Grade 3","Race/Ethnicity","Black/African American",NA,"n<25"
"85","Ward 6","Center City PCS Capitol Hill","PARCC","Math","Grade 3","Special Programs","Economically Disadvantaged",NA,"n<25"
"86","Ward 4","Center City PCS Petworth","PARCC","Math","Grade 3","Race/Ethnicity","Black/African American",NA,"n<25"
"87","Ward 4","Center City PCS Petworth","PARCC","Math","Grade 3","Race/Ethnicity","Hispanic/Latino",NA,"n<25"
"88","Ward 4","Center City PCS Petworth","PARCC","Math","Grade 3","Special Programs","Economically Disadvantaged",NA,"n<25"
"89","Ward 4","Center City PCS Petworth","PARCC","Math","Grade 3","Gender","Female",NA,"n<25"
"90","Ward 4","Center City PCS Petworth","PARCC","Math","Grade 3","Gender","Male",NA,"n<25"
"91","Ward 4","Center City PCS Brightwood","PARCC","Math","Grade 3","Gender","Female",NA,"n<25"
"92","Ward 4","Center City PCS Brightwood","PARCC","Math","Grade 3","Gender","Male",NA,"n<25"
"93","Ward 4","Center City PCS Brightwood","PARCC","Math","Grade 3","Race/Ethnicity","Black/African American",NA,"n<25"
"94","Ward 4","Center City PCS Brightwood","PARCC","Math","Grade 3","Race/Ethnicity","Hispanic/Latino",NA,"n<25"
"95","Ward 4","Center City PCS Brightwood","PARCC","Math","Grade 3","Special Programs","Economically Disadvantaged",NA,"n<25"
"96","Ward 6","Center City PCS Capitol Hill","PARCC","Math","Grade 3","Gender","Female",NA,"n<25"
"97","Ward 6","Center City PCS Capitol Hill","PARCC","Math","Grade 3","Gender","Male",NA,"n<25"
"98","Ward 6","Center City PCS Capitol Hill","PARCC","Math","Grade 3","Race/Ethnicity","Black/African American",8,"25"
"99","Ward 6","Eagle Academy PCS Capitol Riverfront","PARCC","Math","Grade 3","Gender","Female",NA,"n<25"
"100","Ward 6","Eagle Academy PCS Capitol Riverfront","PARCC","Math","Grade 3","Gender","Male",NA,"n<25"
"101","Ward 8","Democracy Prep Congress Heights PCS","PARCC","Math","Grade 3","Gender","Female",17.5,"40"
"102","Ward 8","Democracy Prep Congress Heights PCS","PARCC","Math","Grade 3","Gender","Male",9.1,"33"
"103","Ward 8","Democracy Prep Congress Heights PCS","PARCC","Math","Grade 3","Race/Ethnicity","Black/African American",14.1,"71"
"104","Ward 8","Democracy Prep Congress Heights PCS","PARCC","Math","Grade 3","Race/Ethnicity","Hispanic/Latino",NA,"n<25"
"105","Ward 8","Eagle Academy PCS Congress Heights","PARCC","Math","Grade 3","Gender","Female",34.5,"29"
"106","Ward 8","Eagle Academy PCS Congress Heights","PARCC","Math","Grade 3","Gender","Male",35.7,"42"
"107","Ward 8","Eagle Academy PCS Congress Heights","PARCC","Math","Grade 3","Race/Ethnicity","Black/African American",35.2,"71"
"108","Ward 8","Eagle Academy PCS Congress Heights","PARCC","Math","Grade 3","Special Programs","Economically Disadvantaged",35.2,"71"
"109","Ward 6","Eagle Academy PCS Capitol Riverfront","PARCC","Math","Grade 3","Race/Ethnicity","Black/African American",NA,"n<25"
"110","Ward 6","Eagle Academy PCS Capitol Riverfront","PARCC","Math","Grade 3","Special Programs","Economically Disadvantaged",NA,"n<25"
"111","Ward 8","Center City PCS Congress Heights","PARCC","Math","Grade 3","Gender","Female",NA,"n<25"
"112","Ward 8","Center City PCS Congress Heights","PARCC","Math","Grade 3","Gender","Male",NA,"n<25"
"113","Ward 8","Center City PCS Congress Heights","PARCC","Math","Grade 3","Race/Ethnicity","Black/African American",38.5,"26"
"114","Ward 8","Center City PCS Congress Heights","PARCC","Math","Grade 3","Special Programs","Economically Disadvantaged",38.5,"26"
"115","Ward 8","Early Childhood Academy PCS","PARCC","Math","Grade 3","Gender","Female",NA,"n<25"
"116","Ward 8","Early Childhood Academy PCS","PARCC","Math","Grade 3","Gender","Male",NA,"n<25"
"117","Ward 8","Early Childhood Academy PCS","PARCC","Math","Grade 3","Race/Ethnicity","Black/African American",21.6,"37"
"118","Ward 8","Early Childhood Academy PCS","PARCC","Math","Grade 3","Special Programs","Economically Disadvantaged",21.6,"37"
"119","Ward 6","Capitol Hill Montessori School at Logan","PARCC","Math","Grade 3","Gender","Female",NA,"n<25"
"120","Ward 6","Capitol Hill Montessori School at Logan","PARCC","Math","Grade 3","Gender","Male",NA,"n<25"
"121","Ward 6","Capitol Hill Montessori School at Logan","PARCC","Math","Grade 3","Race/Ethnicity","Black/African American",NA,"n<25"
"122","Ward 6","Capitol Hill Montessori School at Logan","PARCC","Math","Grade 3","Race/Ethnicity","Hispanic/Latino",NA,"n<25"
"123","Ward 6","Capitol Hill Montessori School at Logan","PARCC","Math","Grade 3","Special Programs","Economically Disadvantaged",NA,"n<25"
"124","Ward 3","Eaton ES","PARCC","Math","Grade 3","Race/Ethnicity","Black/African American",NA,"n<25"
"125","Ward 3","Eaton ES","PARCC","Math","Grade 3","Race/Ethnicity","Hispanic/Latino",NA,"n<25"
"126","Ward 4","EL Haynes PCS Elementary School","PARCC","Math","Grade 3","Gender","Female",34.5,"29"
"127","Ward 4","EL Haynes PCS Elementary School","PARCC","Math","Grade 3","Gender","Male",NA,"n<25"
"128","Ward 3","Eaton ES","PARCC","Math","Grade 3","Special Programs","Economically Disadvantaged",NA,"n<25"
"129","Ward 8","Democracy Prep Congress Heights PCS","PARCC","Math","Grade 3","Special Programs","Economically Disadvantaged",13.7,"73"
"130","Ward 3","Eaton ES","PARCC","Math","Grade 3","Gender","Female",60.6,"33"
"131","Ward 3","Eaton ES","PARCC","Math","Grade 3","Gender","Male",55.9,"34"
"132","Ward 4","EL Haynes PCS Elementary School","PARCC","Math","Grade 3","Race/Ethnicity","Black/African American",NA,"n<25"
"133","Ward 4","EL Haynes PCS Elementary School","PARCC","Math","Grade 3","Race/Ethnicity","Hispanic/Latino",NA,"n<25"
"134","Ward 4","EL Haynes PCS Elementary School","PARCC","Math","Grade 3","Special Programs","Economically Disadvantaged",21.9,"32"
"135","Ward 5","DC Preparatory Academy PCS Edgewood Elementary School","PARCC","Math","Grade 3","Gender","Female",47.1,"34"
"136","Ward 5","DC Preparatory Academy PCS Edgewood Elementary School","PARCC","Math","Grade 3","Gender","Male",66.7,"33"
"137","Ward 7","DC Scholars PCS","PARCC","Math","Grade 3","Gender","Female",NA,"n<25"
"138","Ward 7","DC Scholars PCS","PARCC","Math","Grade 3","Gender","Male",NA,"n<25"
"139","Ward 7","DC Scholars PCS","PARCC","Math","Grade 3","Race/Ethnicity","Black/African American",20.7,"29"
"140","Ward 7","DC Scholars PCS","PARCC","Math","Grade 3","Special Programs","Economically Disadvantaged",20.7,"29"
"141","Ward 5","Creative Minds International PCS","PARCC","Math","Grade 3","Special Programs","Economically Disadvantaged",NA,"n<25"
"142","Ward 7","Drew ES","PARCC","Math","Grade 3","Gender","Female",NA,"n<25"
"143","Ward 7","Drew ES","PARCC","Math","Grade 3","Gender","Male",NA,"n<25"
"144","Ward 7","Drew ES","PARCC","Math","Grade 3","Race/Ethnicity","Black/African American",NA,"n<25"
"145","Ward 7","Drew ES","PARCC","Math","Grade 3","Special Programs","Economically Disadvantaged",NA,"n<25"
"146","Ward 5","Creative Minds International PCS","PARCC","Math","Grade 3","Gender","Female",NA,"n<25"
"147","Ward 5","Creative Minds International PCS","PARCC","Math","Grade 3","Gender","Male",NA,"n<25"
"148","Ward 5","Creative Minds International PCS","PARCC","Math","Grade 3","Race/Ethnicity","Black/African American",NA,"n<25"
"149","Ward 5","Creative Minds International PCS","PARCC","Math","Grade 3","Race/Ethnicity","Hispanic/Latino",NA,"n<25"
"150","Ward 5","DC Bilingual PCS","PARCC","Math","Grade 3","Gender","Female",NA,"n<25"
"151","Ward 5","DC Bilingual PCS","PARCC","Math","Grade 3","Gender","Male",NA,"n<25"
"152","Ward 7","DC Preparatory Academy PCS Benning Elementary School","PARCC","Math","Grade 3","Gender","Female",35.3,"34"
"153","Ward 7","DC Preparatory Academy PCS Benning Elementary School","PARCC","Math","Grade 3","Gender","Male",48.5,"33"
"154","Ward 5","DC Bilingual PCS","PARCC","Math","Grade 3","Race/Ethnicity","Black/African American",NA,"n<25"
"155","Ward 5","DC Bilingual PCS","PARCC","Math","Grade 3","Race/Ethnicity","Hispanic/Latino",22.6,"31"
"156","Ward 5","DC Bilingual PCS","PARCC","Math","Grade 3","Special Programs","Economically Disadvantaged",NA,"n<25"
"157","Ward 7","DC Preparatory Academy PCS Benning Elementary School","PARCC","Math","Grade 3","Race/Ethnicity","Black/African American",43.8,"64"
"158","Ward 7","DC Preparatory Academy PCS Benning Elementary School","PARCC","Math","Grade 3","Race/Ethnicity","Hispanic/Latino",NA,"n<25"
"159","Ward 7","DC Preparatory Academy PCS Benning Elementary School","PARCC","Math","Grade 3","Special Programs","Economically Disadvantaged",41.8,"67"
"160","Ward 5","DC Preparatory Academy PCS Edgewood Elementary School","PARCC","Math","Grade 3","Race/Ethnicity","Black/African American",55.6,"63"
"161","Ward 5","Harmony DC PCS School of Excellence","PARCC","Math","Grade 3","Gender","Female",NA,"n<25"
"162","Ward 5","Harmony DC PCS School of Excellence","PARCC","Math","Grade 3","Gender","Male",NA,"n<25"
"163","Ward 1","H D Cooke ES","PARCC","Math","Grade 3","Gender","Female",25.9,"27"
"164","Ward 1","H D Cooke ES","PARCC","Math","Grade 3","Gender","Male",18.5,"27"
"165","Ward 5","Harmony DC PCS School of Excellence","PARCC","Math","Grade 3","Special Programs","Economically Disadvantaged",NA,"n<25"
"166","Ward 3","Hearst ES","PARCC","Math","Grade 3","Gender","Female",NA,"n<25"
"167","Ward 3","Hearst ES","PARCC","Math","Grade 3","Gender","Male",NA,"n<25"
"168","Ward 1","H D Cooke ES","PARCC","Math","Grade 3","Race/Ethnicity","Black/African American",NA,"n<25"
"169","Ward 1","H D Cooke ES","PARCC","Math","Grade 3","Race/Ethnicity","Hispanic/Latino",27.3,"33"
"170","Ward 1","H D Cooke ES","PARCC","Math","Grade 3","Special Programs","Economically Disadvantaged",22.2,"54"
"171","Ward 5","DC Preparatory Academy PCS Edgewood Elementary School","PARCC","Math","Grade 3","Special Programs","Economically Disadvantaged",52.7,"55"
"172","Ward 3","Hearst ES","PARCC","Math","Grade 3","Race/Ethnicity","Black/African American",44,"25"
"173","Ward 3","Hearst ES","PARCC","Math","Grade 3","Race/Ethnicity","Hispanic/Latino",NA,"n<25"
"174","Ward 3","Hearst ES","PARCC","Math","Grade 3","Special Programs","Economically Disadvantaged",NA,"n<25"
"175","Ward 8","Hendley ES","PARCC","Math","Grade 3","Gender","Female",2.7,"37"
"176","Ward 8","Hendley ES","PARCC","Math","Grade 3","Gender","Male",0,"36"
"177","Ward 8","Hendley ES","PARCC","Math","Grade 3","Race/Ethnicity","Black/African American",1.4,"73"
"178","Ward 8","Hendley ES","PARCC","Math","Grade 3","Special Programs","Economically Disadvantaged",1.4,"73"
"179","Ward 4","Hope Community PCS Lamond","PARCC","Math","Grade 3","Race/Ethnicity","Black/African American",3.3,"30"
"180","Ward 4","Hope Community PCS Lamond","PARCC","Math","Grade 3","Race/Ethnicity","Hispanic/Latino",NA,"n<25"
"181","Ward 4","Hope Community PCS Lamond","PARCC","Math","Grade 3","Special Programs","Economically Disadvantaged",3.1,"32"
"182","Ward 4","Hope Community PCS Lamond","PARCC","Math","Grade 3","Gender","Female",NA,"n<25"
"183","Ward 4","Hope Community PCS Lamond","PARCC","Math","Grade 3","Gender","Male",NA,"n<25"
"184","Ward 5","Hope Community PCS Tolson","PARCC","Math","Grade 3","Gender","Female",NA,"n<25"
"185","Ward 5","Hope Community PCS Tolson","PARCC","Math","Grade 3","Gender","Male",NA,"n<25"
"186","Ward 5","Hope Community PCS Tolson","PARCC","Math","Grade 3","Race/Ethnicity","Black/African American",12.5,"40"
"187","Ward 5","Hope Community PCS Tolson","PARCC","Math","Grade 3","Race/Ethnicity","Hispanic/Latino",NA,"n<25"
"188","Ward 5","Hope Community PCS Tolson","PARCC","Math","Grade 3","Special Programs","Economically Disadvantaged",15.2,"33"
"189","Ward 8","Garfield ES","PARCC","Math","Grade 3","Gender","Female",NA,"n<25"
"190","Ward 8","Garfield ES","PARCC","Math","Grade 3","Gender","Male",NA,"n<25"
"191","Ward 8","Garfield ES","PARCC","Math","Grade 3","Race/Ethnicity","Black/African American",20,"30"
"192","Ward 8","Garfield ES","PARCC","Math","Grade 3","Special Programs","Economically Disadvantaged",19.4,"31"
"193","Ward 5","Harmony DC PCS School of Excellence","PARCC","Math","Grade 3","Race/Ethnicity","Black/African American",NA,"n<25"
"194","Ward 2","Garrison ES","PARCC","Math","Grade 3","Gender","Female",NA,"n<25"
"195","Ward 2","Garrison ES","PARCC","Math","Grade 3","Gender","Male",NA,"n<25"
"196","Ward 2","Garrison ES","PARCC","Math","Grade 3","Race/Ethnicity","Black/African American",NA,"n<25"
"197","Ward 2","Garrison ES","PARCC","Math","Grade 3","Race/Ethnicity","Hispanic/Latino",NA,"n<25"
"198","Ward 2","Garrison ES","PARCC","Math","Grade 3","Special Programs","Economically Disadvantaged",NA,"n<25"
"199","Ward 5","Friendship PCS Woodridge Elementary School","PARCC","Math","Grade 3","Gender","Male",NA,"n<25"
"200","Ward 7","Friendship PCS Blow Pierce Elementary School","PARCC","Math","Grade 3","Gender","Female",NA,"n<25"
"201","Ward 7","Friendship PCS Blow Pierce Elementary School","PARCC","Math","Grade 3","Gender","Male",NA,"n<25"
"202","Ward 7","Friendship PCS Blow Pierce Elementary School","PARCC","Math","Grade 3","Race/Ethnicity","Black/African American",8.1,"37"
"203","Ward 7","Friendship PCS Blow Pierce Elementary School","PARCC","Math","Grade 3","Special Programs","Economically Disadvantaged",7.9,"38"
"204","Ward 5","DC Preparatory Academy PCS Edgewood Elementary School","PARCC","Math","Grade 3","Race/Ethnicity","Hispanic/Latino",NA,"n<25"
"205","Ward 5","Friendship PCS Woodridge Elementary School","PARCC","Math","Grade 3","Race/Ethnicity","Black/African American",40,"40"
"206","Ward 5","Friendship PCS Woodridge Elementary School","PARCC","Math","Grade 3","Special Programs","Economically Disadvantaged",39,"41"
"207","Ward 6","Friendship PCS Chamberlain Elementary School","PARCC","Math","Grade 3","Gender","Female",26.7,"30"
"208","Ward 6","Friendship PCS Chamberlain Elementary School","PARCC","Math","Grade 3","Gender","Male",20.9,"43"
"209","Ward 6","Friendship PCS Chamberlain Elementary School","PARCC","Math","Grade 3","Race/Ethnicity","Black/African American",23.3,"73"
"210","Ward 6","Friendship PCS Chamberlain Elementary School","PARCC","Math","Grade 3","Special Programs","Economically Disadvantaged",23.3,"73"
"211","Ward 4","Friendship PCS Southeast Academy","PARCC","Math","Grade 3","Gender","Female",12.1,"33"
"212","Ward 4","Friendship PCS Southeast Academy","PARCC","Math","Grade 3","Gender","Male",15.8,"38"
"213","Ward 4","Friendship PCS Southeast Academy","PARCC","Math","Grade 3","Race/Ethnicity","Black/African American",14.1,"71"
"214","Ward 4","Friendship PCS Southeast Academy","PARCC","Math","Grade 3","Special Programs","Economically Disadvantaged",14.1,"71"
"215","Ward 5","Elsie Whitlow Stokes Community Freedom PCS","PARCC","Math","Grade 3","Gender","Female",NA,"n<25"
"216","Ward 5","Elsie Whitlow Stokes Community Freedom PCS","PARCC","Math","Grade 3","Gender","Male",NA,"n<25"
"217","Ward 8","Excel Academy PCS","PARCC","Math","Grade 3","Gender","Female",4.1,"74"
"218","Ward 5","Elsie Whitlow Stokes Community Freedom PCS","PARCC","Math","Grade 3","Race/Ethnicity","Black/African American",NA,"n<25"
"219","Ward 5","Elsie Whitlow Stokes Community Freedom PCS","PARCC","Math","Grade 3","Race/Ethnicity","Hispanic/Latino",NA,"n<25"
"220","Ward 5","Elsie Whitlow Stokes Community Freedom PCS","PARCC","Math","Grade 3","Special Programs","Economically Disadvantaged",NA,"n<25"
"221","Ward 5","Friendship PCS Woodridge Elementary School","PARCC","Math","Grade 3","Gender","Female",NA,"n<25"
"222","Ward 6","KIPP DC Lead Academy PCS","PARCC","Math","Grade 3","Gender","Female",64.8,"54"
"223","Ward 6","KIPP DC Lead Academy PCS","PARCC","Math","Grade 3","Gender","Male",76.3,"38"
"224","Ward 6","KIPP DC Lead Academy PCS","PARCC","Math","Grade 3","Race/Ethnicity","Black/African American",69,"87"
"225","Ward 6","KIPP DC Lead Academy PCS","PARCC","Math","Grade 3","Race/Ethnicity","Hispanic/Latino",NA,"n<25"
"226","Ward 6","KIPP DC Lead Academy PCS","PARCC","Math","Grade 3","Special Programs","Economically Disadvantaged",66.7,"75"
"227","Ward 8","Excel Academy PCS","PARCC","Math","Grade 3","Race/Ethnicity","Black/African American",4.1,"74"
"228","Ward 8","Excel Academy PCS","PARCC","Math","Grade 3","Special Programs","Economically Disadvantaged",4.1,"74"
"229","Ward 2","Hyde Addison ES","PARCC","Math","Grade 3","Gender","Female",48.1,"27"
"230","Ward 2","KIPP DC Heights Academy PCS","PARCC","Math","Grade 3","Special Programs","Economically Disadvantaged",46.3,"80"
"231","Ward 3","Janney ES","PARCC","Math","Grade 3","Gender","Female",65.9,"41"
"232","Ward 3","Janney ES","PARCC","Math","Grade 3","Gender","Male",66.7,"45"
"233","Ward 2","Hyde Addison ES","PARCC","Math","Grade 3","Gender","Male",43.3,"30"
"234","Ward 2","Hyde Addison ES","PARCC","Math","Grade 3","Race/Ethnicity","Black/African American",NA,"n<25"
"235","Ward 4","Ideal Academy PCS","PARCC","Math","Grade 3","Gender","Male",NA,"n<25"
"236","Ward 4","Ideal Academy PCS","PARCC","Math","Grade 3","Race/Ethnicity","Black/African American",NA,"n<25"
"237","Ward 4","Ideal Academy PCS","PARCC","Math","Grade 3","Special Programs","Economically Disadvantaged",NA,"n<25"
"238","Ward 2","Hyde Addison ES","PARCC","Math","Grade 3","Race/Ethnicity","Hispanic/Latino",NA,"n<25"
"239","Ward 2","Hyde Addison ES","PARCC","Math","Grade 3","Special Programs","Economically Disadvantaged",NA,"n<25"
"240","Ward 5","Inspired Teaching Demonstration PCS","PARCC","Math","Grade 3","Special Programs","Economically Disadvantaged",NA,"n<25"
"241","Ward 7","Houston ES","PARCC","Math","Grade 3","Gender","Female",NA,"n<25"
"242","Ward 7","Houston ES","PARCC","Math","Grade 3","Gender","Male",NA,"n<25"
"243","Ward 7","KIPP DC PCS Promise Academy","PARCC","Math","Grade 3","Gender","Female",58.8,"51"
"244","Ward 7","KIPP DC PCS Promise Academy","PARCC","Math","Grade 3","Gender","Male",75,"52"
"245","Ward 7","KIPP DC PCS Promise Academy","PARCC","Math","Grade 3","Race/Ethnicity","Black/African American",67,"100"
"246","Ward 7","KIPP DC PCS Promise Academy","PARCC","Math","Grade 3","Race/Ethnicity","Hispanic/Latino",NA,"n<25"
"247","Ward 7","KIPP DC PCS Promise Academy","PARCC","Math","Grade 3","Special Programs","Economically Disadvantaged",62.5,"88"
"248","Ward 7","Houston ES","PARCC","Math","Grade 3","Race/Ethnicity","Black/African American",6.3,"32"
"249","Ward 7","Houston ES","PARCC","Math","Grade 3","Special Programs","Economically Disadvantaged",6.3,"32"
"250","Ward 7","KIPP DC Quest Academy PCS","PARCC","Math","Grade 3","Gender","Female",46.4,"28"
"251","Ward 7","KIPP DC Quest Academy PCS","PARCC","Math","Grade 3","Gender","Male",NA,"n<25"
"252","Ward 7","KIPP DC Quest Academy PCS","PARCC","Math","Grade 3","Race/Ethnicity","Black/African American",44.7,"47"
"253","Ward 7","KIPP DC Quest Academy PCS","PARCC","Math","Grade 3","Special Programs","Economically Disadvantaged",42,"50"
"254","Ward 6","J O Wilson ES","PARCC","Math","Grade 3","Gender","Female",50,"28"
"255","Ward 6","J O Wilson ES","PARCC","Math","Grade 3","Gender","Male",48.1,"27"
"256","Ward 6","J O Wilson ES","PARCC","Math","Grade 3","Race/Ethnicity","Black/African American",47.9,"48"
"257","Ward 6","J O Wilson ES","PARCC","Math","Grade 3","Race/Ethnicity","Hispanic/Latino",NA,"n<25"
"258","Ward 6","J O Wilson ES","PARCC","Math","Grade 3","Special Programs","Economically Disadvantaged",49.1,"55"
"259","Ward 2","KIPP DC Heights Academy PCS","PARCC","Math","Grade 3","Gender","Female",37,"54"
"260","Ward 2","KIPP DC Heights Academy PCS","PARCC","Math","Grade 3","Gender","Male",48.8,"41"
"261","Ward 2","KIPP DC Heights Academy PCS","PARCC","Math","Grade 3","Race/Ethnicity","Black/African American",42.1,"95"
"262","Ward 6","Maury ES","PARCC","Math","Grade 3","Gender","Female",NA,"n<25"
"263","Ward 6","Maury ES","PARCC","Math","Grade 3","Gender","Male",NA,"n<25"
"264","Ward 3","Key ES","PARCC","Math","Grade 3","Gender","Female",61.5,"26"
"265","Ward 4","Ideal Academy PCS","PARCC","Math","Grade 3","Gender","Female",NA,"n<25"
"266","Ward 6","Maury ES","PARCC","Math","Grade 3","Race/Ethnicity","Black/African American",NA,"n<25"
"267","Ward 6","Maury ES","PARCC","Math","Grade 3","Race/Ethnicity","Hispanic/Latino",NA,"n<25"
"268","Ward 6","Maury ES","PARCC","Math","Grade 3","Special Programs","Economically Disadvantaged",NA,"n<25"
"269","Ward 3","Mann ES","PARCC","Math","Grade 3","Special Programs","Economically Disadvantaged",NA,"n<25"
"270","Ward 8","Leckie ES","PARCC","Math","Grade 3","Gender","Female",NA,"n<25"
"271","Ward 8","Leckie ES","PARCC","Math","Grade 3","Gender","Male",17.6,"34"
"272","Ward 8","Leckie ES","PARCC","Math","Grade 3","Race/Ethnicity","Black/African American",14,"43"
"273","Ward 8","Leckie ES","PARCC","Math","Grade 3","Race/Ethnicity","Hispanic/Latino",NA,"n<25"
"274","Ward 8","Leckie ES","PARCC","Math","Grade 3","Special Programs","Economically Disadvantaged",16.7,"54"
"275","Ward 5","Inspired Teaching Demonstration PCS","PARCC","Math","Grade 3","Gender","Female",NA,"n<25"
"276","Ward 5","Inspired Teaching Demonstration PCS","PARCC","Math","Grade 3","Gender","Male",NA,"n<25"
"277","Ward 5","Inspired Teaching Demonstration PCS","PARCC","Math","Grade 3","Race/Ethnicity","Black/African American",NA,"n<25"
"278","Ward 1","Marie Reed ES at MacFarland","PARCC","Math","Grade 3","Gender","Female",NA,"n<25"
"279","Ward 1","Marie Reed ES at MacFarland","PARCC","Math","Grade 3","Gender","Male",33.3,"30"
"280","Ward 1","Marie Reed ES at MacFarland","PARCC","Math","Grade 3","Race/Ethnicity","Black/African American",NA,"n<25"
"281","Ward 1","Marie Reed ES at MacFarland","PARCC","Math","Grade 3","Race/Ethnicity","Hispanic/Latino",27.8,"36"
"282","Ward 1","Marie Reed ES at MacFarland","PARCC","Math","Grade 3","Special Programs","Economically Disadvantaged",30.6,"49"
"283","Ward 5","Mary McLeod Bethune  PCS Main","PARCC","Math","Grade 3","Gender","Female",NA,"n<25"
"284","Ward 5","Mary McLeod Bethune  PCS Main","PARCC","Math","Grade 3","Gender","Male",NA,"n<25"
"285","Ward 5","Mary McLeod Bethune  PCS Main","PARCC","Math","Grade 3","Race/Ethnicity","Black/African American",NA,"n<25"
"286","Ward 5","Mary McLeod Bethune  PCS Main","PARCC","Math","Grade 3","Race/Ethnicity","Hispanic/Latino",NA,"n<25"
"287","Ward 5","Mary McLeod Bethune  PCS Main","PARCC","Math","Grade 3","Special Programs","Economically Disadvantaged",15.4,"26"
"288","Ward 3","Janney ES","PARCC","Math","Grade 3","Race/Ethnicity","Black/African American",NA,"n<25"
"289","Ward 3","Janney ES","PARCC","Math","Grade 3","Race/Ethnicity","Hispanic/Latino",NA,"n<25"
"290","Ward 6","Ludlow Taylor ES","PARCC","Math","Grade 3","Gender","Female",NA,"n<25"
"291","Ward 6","Ludlow Taylor ES","PARCC","Math","Grade 3","Gender","Male",NA,"n<25"
"292","Ward 6","Ludlow Taylor ES","PARCC","Math","Grade 3","Race/Ethnicity","Black/African American",29.4,"34"
"293","Ward 6","Ludlow Taylor ES","PARCC","Math","Grade 3","Race/Ethnicity","Hispanic/Latino",NA,"n<25"
"294","Ward 6","Ludlow Taylor ES","PARCC","Math","Grade 3","Special Programs","Economically Disadvantaged",34.2,"38"
"295","Ward 7","Kimball ES","PARCC","Math","Grade 3","Gender","Female",3.7,"27"
"296","Ward 7","Kimball ES","PARCC","Math","Grade 3","Gender","Male",NA,"n<25"
"297","Ward 7","Kimball ES","PARCC","Math","Grade 3","Race/Ethnicity","Black/African American",2.6,"39"
"298","Ward 7","Kimball ES","PARCC","Math","Grade 3","Special Programs","Economically Disadvantaged",2.5,"40"
"299","Ward 4","LaSalle Backus EC","PARCC","Math","Grade 3","Gender","Female",NA,"n<25"
"300","Ward 4","LaSalle Backus EC","PARCC","Math","Grade 3","Gender","Male",NA,"n<25"
"301","Ward 4","LaSalle Backus EC","PARCC","Math","Grade 3","Race/Ethnicity","Black/African American",NA,"n<25"
"302","Ward 4","LaSalle Backus EC","PARCC","Math","Grade 3","Race/Ethnicity","Hispanic/Latino",NA,"n<25"
"303","Ward 5","Langley ES","PARCC","Math","Grade 3","Special Programs","Economically Disadvantaged",NA,"n<25"
"304","Ward 4","LaSalle Backus EC","PARCC","Math","Grade 3","Special Programs","Economically Disadvantaged",5.6,"36"
"305","Ward 8","Ketcham ES","PARCC","Math","Grade 3","Race/Ethnicity","Black/African American",15.6,"32"
"306","Ward 8","Ketcham ES","PARCC","Math","Grade 3","Race/Ethnicity","Hispanic/Latino",NA,"n<25"
"307","Ward 8","Ketcham ES","PARCC","Math","Grade 3","Special Programs","Economically Disadvantaged",15.2,"33"
"308","Ward 3","Mann ES","PARCC","Math","Grade 3","Gender","Female",NA,"n<25"
"309","Ward 3","Mann ES","PARCC","Math","Grade 3","Gender","Male",NA,"n<25"
"310","Ward 3","Mann ES","PARCC","Math","Grade 3","Race/Ethnicity","Black/African American",NA,"n<25"
"311","Ward 3","Mann ES","PARCC","Math","Grade 3","Race/Ethnicity","Hispanic/Latino",NA,"n<25"
"312","Ward 4","Latin American Montessori Bilingual PCS","PARCC","Math","Grade 3","Gender","Female",NA,"n<25"
"313","Ward 4","Latin American Montessori Bilingual PCS","PARCC","Math","Grade 3","Gender","Male",NA,"n<25"
"314","Ward 4","Latin American Montessori Bilingual PCS","PARCC","Math","Grade 3","Race/Ethnicity","Black/African American",NA,"n<25"
"315","Ward 4","Latin American Montessori Bilingual PCS","PARCC","Math","Grade 3","Race/Ethnicity","Hispanic/Latino",NA,"n<25"
"316","Ward 4","Latin American Montessori Bilingual PCS","PARCC","Math","Grade 3","Special Programs","Economically Disadvantaged",NA,"n<25"
"317","Ward 4","Lafayette ES","PARCC","Math","Grade 3","Gender","Female",78.7,"47"
"318","Ward 4","Lafayette ES","PARCC","Math","Grade 3","Gender","Male",76.1,"46"
"319","Ward 8","Malcolm X ES at Green","PARCC","Math","Grade 3","Gender","Female",NA,"n<25"
"320","Ward 8","Malcolm X ES at Green","PARCC","Math","Grade 3","Gender","Male",NA,"n<25"
"321","Ward 8","Malcolm X ES at Green","PARCC","Math","Grade 3","Race/Ethnicity","Black/African American",12,"25"
"322","Ward 8","Malcolm X ES at Green","PARCC","Math","Grade 3","Special Programs","Economically Disadvantaged",12,"25"
"323","Ward 3","Key ES","PARCC","Math","Grade 3","Gender","Male",67.7,"31"
"324","Ward 3","Key ES","PARCC","Math","Grade 3","Race/Ethnicity","Black/African American",NA,"n<25"
"325","Ward 3","Key ES","PARCC","Math","Grade 3","Race/Ethnicity","Hispanic/Latino",NA,"n<25"
"326","Ward 3","Key ES","PARCC","Math","Grade 3","Special Programs","Economically Disadvantaged",NA,"n<25"
"327","Ward 4","Lafayette ES","PARCC","Math","Grade 3","Race/Ethnicity","Black/African American",NA,"n<25"
"328","Ward 4","Lafayette ES","PARCC","Math","Grade 3","Race/Ethnicity","Hispanic/Latino",NA,"n<25"
"329","Ward 4","Lafayette ES","PARCC","Math","Grade 3","Special Programs","Economically Disadvantaged",NA,"n<25"
"330","Ward 8","Patterson ES","PARCC","Math","Grade 3","Gender","Male",15.4,"26"
"331","Ward 8","Patterson ES","PARCC","Math","Grade 3","Race/Ethnicity","Black/African American",19.6,"46"
"332","Ward 8","Patterson ES","PARCC","Math","Grade 3","Special Programs","Economically Disadvantaged",19.6,"46"
"333","Ward 5","Perry Street Preparatory PCS","PARCC","Math","Grade 3","Gender","Female",NA,"n<25"
"334","Ward 5","Perry Street Preparatory PCS","PARCC","Math","Grade 3","Gender","Male",NA,"n<25"
"335","Ward 5","Perry Street Preparatory PCS","PARCC","Math","Grade 3","Race/Ethnicity","Black/African American",3.4,"29"
"336","Ward 5","Langdon ES","PARCC","Math","Grade 3","Special Programs","Economically Disadvantaged",30.3,"33"
"337","Ward 5","Langdon ES","PARCC","Math","Grade 3","Gender","Female",NA,"n<25"
"338","Ward 5","Langdon ES","PARCC","Math","Grade 3","Gender","Male",NA,"n<25"
"339","Ward 5","Langdon ES","PARCC","Math","Grade 3","Race/Ethnicity","Black/African American",30.3,"33"
"340","Ward 8","King M L ES","PARCC","Math","Grade 3","Gender","Female",6.9,"29"
"341","Ward 8","King M L ES","PARCC","Math","Grade 3","Gender","Male",NA,"n<25"
"342","Ward 8","King M L ES","PARCC","Math","Grade 3","Race/Ethnicity","Black/African American",4.3,"47"
"343","Ward 8","King M L ES","PARCC","Math","Grade 3","Special Programs","Economically Disadvantaged",4.3,"47"
"344","Ward 8","Ketcham ES","PARCC","Math","Grade 3","Gender","Female",NA,"n<25"
"345","Ward 8","Ketcham ES","PARCC","Math","Grade 3","Gender","Male",NA,"n<25"
"346","Ward 3","Oyster Adams Bilingual School","PARCC","Math","Grade 3","Gender","Female",48.5,"33"
"347","Ward 3","Oyster Adams Bilingual School","PARCC","Math","Grade 3","Gender","Male",57.9,"38"
"348","Ward 3","Oyster Adams Bilingual School","PARCC","Math","Grade 3","Race/Ethnicity","Black/African American",NA,"n<25"
"349","Ward 3","Oyster Adams Bilingual School","PARCC","Math","Grade 3","Race/Ethnicity","Hispanic/Latino",40,"40"
"350","Ward 3","Oyster Adams Bilingual School","PARCC","Math","Grade 3","Special Programs","Economically Disadvantaged",NA,"n<25"
"351","Ward 5","Langley ES","PARCC","Math","Grade 3","Gender","Female",NA,"n<25"
"352","Ward 5","Langley ES","PARCC","Math","Grade 3","Gender","Male",NA,"n<25"
"353","Ward 5","Langley ES","PARCC","Math","Grade 3","Race/Ethnicity","Black/African American",NA,"n<25"
"354","Ward 4","Powell ES","PARCC","Math","Grade 3","Gender","Female",22.6,"31"
"355","Ward 4","Powell ES","PARCC","Math","Grade 3","Gender","Male",22.6,"31"
"356","Ward 5","Langley ES","PARCC","Math","Grade 3","Race/Ethnicity","Hispanic/Latino",NA,"n<25"
"357","Ward 5","Potomac Preparatory PCS","PARCC","Math","Grade 3","Gender","Female",NA,"n<25"
"358","Ward 5","Potomac Preparatory PCS","PARCC","Math","Grade 3","Gender","Male",NA,"n<25"
"359","Ward 5","Potomac Preparatory PCS","PARCC","Math","Grade 3","Race/Ethnicity","Black/African American",6.5,"31"
"360","Ward 5","Potomac Preparatory PCS","PARCC","Math","Grade 3","Special Programs","Economically Disadvantaged",6.5,"31"
"361","Ward 5","Perry Street Preparatory PCS","PARCC","Math","Grade 3","Special Programs","Economically Disadvantaged",4,"25"
"362","Ward 4","Powell ES","PARCC","Math","Grade 3","Race/Ethnicity","Black/African American",NA,"n<25"
"363","Ward 4","Powell ES","PARCC","Math","Grade 3","Race/Ethnicity","Hispanic/Latino",22.2,"54"
"364","Ward 4","Powell ES","PARCC","Math","Grade 3","Special Programs","Economically Disadvantaged",22.6,"62"
"365","Ward 8","Patterson ES","PARCC","Math","Grade 3","Gender","Female",NA,"n<25"
"366","Ward 6","Payne ES","PARCC","Math","Grade 3","Gender","Female",NA,"n<25"
"367","Ward 6","Payne ES","PARCC","Math","Grade 3","Gender","Male",NA,"n<25"
"368","Ward 6","Payne ES","PARCC","Math","Grade 3","Race/Ethnicity","Black/African American",36,"25"
"369","Ward 6","Payne ES","PARCC","Math","Grade 3","Race/Ethnicity","Hispanic/Latino",NA,"n<25"
"370","Ward 6","Payne ES","PARCC","Math","Grade 3","Special Programs","Economically Disadvantaged",32.1,"28"
"371","Ward 5","Mundo Verde Bilingual PCS","PARCC","Math","Grade 3","Race/Ethnicity","Black/African American",NA,"n<25"
"372","Ward 5","Mundo Verde Bilingual PCS","PARCC","Math","Grade 3","Race/Ethnicity","Hispanic/Latino",35.5,"31"
"373","Ward 5","Mundo Verde Bilingual PCS","PARCC","Math","Grade 3","Special Programs","Economically Disadvantaged",18.5,"27"
"374","Ward 7","Plummer ES","PARCC","Math","Grade 3","Special Programs","Economically Disadvantaged",2.3,"43"
"375","Ward 7","Plummer ES","PARCC","Math","Grade 3","Gender","Female",NA,"n<25"
"376","Ward 7","Plummer ES","PARCC","Math","Grade 3","Gender","Male",NA,"n<25"
"377","Ward 7","Plummer ES","PARCC","Math","Grade 3","Race/Ethnicity","Black/African American",2.5,"40"
"378","Ward 7","Plummer ES","PARCC","Math","Grade 3","Race/Ethnicity","Hispanic/Latino",NA,"n<25"
"379","Ward 1","Meridian PCS","PARCC","Math","Grade 3","Gender","Female",13.9,"36"
"380","Ward 1","Meridian PCS","PARCC","Math","Grade 3","Gender","Male",NA,"n<25"
"381","Ward 1","Meridian PCS","PARCC","Math","Grade 3","Race/Ethnicity","Black/African American",8.6,"35"
"382","Ward 1","Meridian PCS","PARCC","Math","Grade 3","Race/Ethnicity","Hispanic/Latino",NA,"n<25"
"383","Ward 1","Meridian PCS","PARCC","Math","Grade 3","Special Programs","Economically Disadvantaged",10,"60"
"384","Ward 8","Orr ES","PARCC","Math","Grade 3","Gender","Female",NA,"n<25"
"385","Ward 8","Orr ES","PARCC","Math","Grade 3","Gender","Male",NA,"n<25"
"386","Ward 8","Orr ES","PARCC","Math","Grade 3","Race/Ethnicity","Black/African American",0,"35"
"387","Ward 8","Orr ES","PARCC","Math","Grade 3","Special Programs","Economically Disadvantaged",2.8,"36"
"388","Ward 3","Murch ES","PARCC","Math","Grade 3","Gender","Female",73.3,"45"
"389","Ward 3","Murch ES","PARCC","Math","Grade 3","Gender","Male",74.4,"39"
"390","Ward 3","Murch ES","PARCC","Math","Grade 3","Race/Ethnicity","Black/African American",NA,"n<25"
"391","Ward 3","Murch ES","PARCC","Math","Grade 3","Race/Ethnicity","Hispanic/Latino",NA,"n<25"
"392","Ward 6","Miner ES","PARCC","Math","Grade 3","Gender","Female",NA,"n<25"
"393","Ward 6","Miner ES","PARCC","Math","Grade 3","Gender","Male",NA,"n<25"
"394","Ward 6","Miner ES","PARCC","Math","Grade 3","Race/Ethnicity","Black/African American",24.4,"41"
"395","Ward 6","Miner ES","PARCC","Math","Grade 3","Race/Ethnicity","Hispanic/Latino",NA,"n<25"
"396","Ward 5","Mundo Verde Bilingual PCS","PARCC","Math","Grade 3","Gender","Female",37,"27"
"397","Ward 5","Mundo Verde Bilingual PCS","PARCC","Math","Grade 3","Gender","Male",42.1,"38"
"398","Ward 6","Miner ES","PARCC","Math","Grade 3","Special Programs","Economically Disadvantaged",24.4,"45"
"399","Ward 3","Murch ES","PARCC","Math","Grade 3","Special Programs","Economically Disadvantaged",NA,"n<25"
"400","Ward 6","Seaton ES","PARCC","Math","Grade 3","Gender","Female",NA,"n<25"
"401","Ward 6","Seaton ES","PARCC","Math","Grade 3","Gender","Male",NA,"n<25"
"402","Ward 6","Seaton ES","PARCC","Math","Grade 3","Race/Ethnicity","Black/African American",NA,"n<25"
"403","Ward 6","Seaton ES","PARCC","Math","Grade 3","Race/Ethnicity","Hispanic/Latino",NA,"n<25"
"404","Ward 7","Smothers ES","PARCC","Math","Grade 3","Gender","Female",NA,"n<25"
"405","Ward 7","Smothers ES","PARCC","Math","Grade 3","Gender","Male",NA,"n<25"
"406","Ward 7","Smothers ES","PARCC","Math","Grade 3","Race/Ethnicity","Black/African American",3.8,"26"
"407","Ward 7","Smothers ES","PARCC","Math","Grade 3","Special Programs","Economically Disadvantaged",3.8,"26"
"408","Ward 8","Moten ES","PARCC","Math","Grade 3","Special Programs","Economically Disadvantaged",4.4,"45"
"409","Ward 5","Noyes ES","PARCC","Math","Grade 3","Gender","Female",NA,"n<25"
"410","Ward 5","Noyes ES","PARCC","Math","Grade 3","Gender","Male",NA,"n<25"
"411","Ward 5","Noyes ES","PARCC","Math","Grade 3","Race/Ethnicity","Black/African American",NA,"n<25"
"412","Ward 5","Noyes ES","PARCC","Math","Grade 3","Race/Ethnicity","Hispanic/Latino",NA,"n<25"
"413","Ward 5","Noyes ES","PARCC","Math","Grade 3","Special Programs","Economically Disadvantaged",NA,"n<25"
"414","Ward 8","Stanton ES","PARCC","Math","Grade 3","Special Programs","Economically Disadvantaged",5.9,"68"
"415","Ward 8","Moten ES","PARCC","Math","Grade 3","Gender","Female",3.8,"26"
"416","Ward 8","Moten ES","PARCC","Math","Grade 3","Gender","Male",NA,"n<25"
"417","Ward 8","Moten ES","PARCC","Math","Grade 3","Race/Ethnicity","Black/African American",4.5,"44"
"418","Ward 8","Moten ES","PARCC","Math","Grade 3","Race/Ethnicity","Hispanic/Latino",NA,"n<25"
"419","Ward 8","Savoy ES","PARCC","Math","Grade 3","Gender","Female",0,"25"
"420","Ward 8","Savoy ES","PARCC","Math","Grade 3","Gender","Male",NA,"n<25"
"421","Ward 8","Savoy ES","PARCC","Math","Grade 3","Race/Ethnicity","Black/African American",4.3,"46"
"422","Ward 8","Savoy ES","PARCC","Math","Grade 3","Special Programs","Economically Disadvantaged",4.3,"46"
"423","Ward 7","Nalle ES","PARCC","Math","Grade 3","Gender","Female",NA,"n<25"
"424","Ward 7","Nalle ES","PARCC","Math","Grade 3","Gender","Male",NA,"n<25"
"425","Ward 7","Nalle ES","PARCC","Math","Grade 3","Race/Ethnicity","Black/African American",12.5,"32"
"426","Ward 7","Nalle ES","PARCC","Math","Grade 3","Race/Ethnicity","Hispanic/Latino",NA,"n<25"
"427","Ward 7","Nalle ES","PARCC","Math","Grade 3","Special Programs","Economically Disadvantaged",11.1,"36"
"428","Ward 2","Ross ES","PARCC","Math","Grade 3","Gender","Female",NA,"n<25"
"429","Ward 2","Ross ES","PARCC","Math","Grade 3","Gender","Male",NA,"n<25"
"430","Ward 6","School-Within-School @ Goding","PARCC","Math","Grade 3","Gender","Female",NA,"n<25"
"431","Ward 6","School-Within-School @ Goding","PARCC","Math","Grade 3","Gender","Male",NA,"n<25"
"432","Ward 6","School-Within-School @ Goding","PARCC","Math","Grade 3","Race/Ethnicity","Black/African American",NA,"n<25"
"433","Ward 6","School-Within-School @ Goding","PARCC","Math","Grade 3","Race/Ethnicity","Hispanic/Latino",NA,"n<25"
"434","Ward 6","School-Within-School @ Goding","PARCC","Math","Grade 3","Special Programs","Economically Disadvantaged",NA,"n<25"
"435","Ward 6","Seaton ES","PARCC","Math","Grade 3","Special Programs","Economically Disadvantaged",46.4,"28"
"436","Ward 4","Raymond EC","PARCC","Math","Grade 3","Gender","Female",10,"40"
"437","Ward 4","Raymond EC","PARCC","Math","Grade 3","Gender","Male",NA,"n<25"
"438","Ward 4","Raymond EC","PARCC","Math","Grade 3","Race/Ethnicity","Black/African American",22.2,"27"
"439","Ward 4","Raymond EC","PARCC","Math","Grade 3","Race/Ethnicity","Hispanic/Latino",2.8,"36"
"440","Ward 4","Raymond EC","PARCC","Math","Grade 3","Special Programs","Economically Disadvantaged",11.1,"63"
"441","Ward 4","Shepherd ES","PARCC","Math","Grade 3","Gender","Female",NA,"n<25"
"442","Ward 4","Shepherd ES","PARCC","Math","Grade 3","Gender","Male",40,"25"
"443","Ward 4","Shepherd ES","PARCC","Math","Grade 3","Race/Ethnicity","Black/African American",35.9,"39"
"444","Ward 4","Shepherd ES","PARCC","Math","Grade 3","Race/Ethnicity","Hispanic/Latino",NA,"n<25"
"445","Ward 4","Shepherd ES","PARCC","Math","Grade 3","Special Programs","Economically Disadvantaged",NA,"n<25"
"446","Ward 8","Simon ES","PARCC","Math","Grade 3","Gender","Female",NA,"n<25"
"447","Ward 8","Simon ES","PARCC","Math","Grade 3","Gender","Male",NA,"n<25"
"448","Ward 8","Simon ES","PARCC","Math","Grade 3","Race/Ethnicity","Black/African American",20,"35"
"449","Ward 8","Simon ES","PARCC","Math","Grade 3","Race/Ethnicity","Hispanic/Latino",NA,"n<25"
"450","Ward 8","Simon ES","PARCC","Math","Grade 3","Special Programs","Economically Disadvantaged",19.4,"36"
"451","Ward 8","Stanton ES","PARCC","Math","Grade 3","Gender","Female",6.1,"33"
"452","Ward 8","Stanton ES","PARCC","Math","Grade 3","Gender","Male",5.7,"35"
"453","Ward 8","Stanton ES","PARCC","Math","Grade 3","Race/Ethnicity","Black/African American",4.8,"63"
"454","Ward 8","Stanton ES","PARCC","Math","Grade 3","Race/Ethnicity","Hispanic/Latino",NA,"n<25"
"455","Ward 5","Shining Stars Montessori Academy PCS","PARCC","Math","Grade 3","Gender","Male",NA,"n<25"
"456","Ward 5","Shining Stars Montessori Academy PCS","PARCC","Math","Grade 3","Race/Ethnicity","Black/African American",NA,"n<25"
"457","Ward 5","Shining Stars Montessori Academy PCS","PARCC","Math","Grade 3","Race/Ethnicity","Hispanic/Latino",NA,"n<25"
"458","Ward 5","Shining Stars Montessori Academy PCS","PARCC","Math","Grade 3","Special Programs","Economically Disadvantaged",NA,"n<25"
"459","Ward 7","Randle Highlands ES","PARCC","Math","Grade 3","Gender","Female",NA,"n<25"
"460","Ward 7","Randle Highlands ES","PARCC","Math","Grade 3","Gender","Male",NA,"n<25"
"461","Ward 7","Randle Highlands ES","PARCC","Math","Grade 3","Race/Ethnicity","Black/African American",16.7,"30"
"462","Ward 7","Randle Highlands ES","PARCC","Math","Grade 3","Special Programs","Economically Disadvantaged",16.7,"30"
"463","Ward 8","Turner ES","PARCC","Math","Grade 3","Special Programs","Economically Disadvantaged",0,"39"
"464","Ward 2","School Without Walls at Francis Stevens","PARCC","Math","Grade 3","Race/Ethnicity","Black/African American",NA,"n<25"
"465","Ward 2","School Without Walls at Francis Stevens","PARCC","Math","Grade 3","Race/Ethnicity","Hispanic/Latino",NA,"n<25"
"466","Ward 2","School Without Walls at Francis Stevens","PARCC","Math","Grade 3","Special Programs","Economically Disadvantaged",NA,"n<25"
"467","Ward 6","Walker Jones EC","PARCC","Math","Grade 3","Gender","Female",NA,"n<25"
"468","Ward 6","Walker Jones EC","PARCC","Math","Grade 3","Gender","Male",NA,"n<25"
"469","Ward 6","Walker Jones EC","PARCC","Math","Grade 3","Race/Ethnicity","Black/African American",6.7,"30"
"470","Ward 6","Walker Jones EC","PARCC","Math","Grade 3","Special Programs","Economically Disadvantaged",6.7,"30"
"471","Ward 4","Roots PCS","PARCC","Math","Grade 3","Gender","Female",NA,"n<25"
"472","Ward 4","Roots PCS","PARCC","Math","Grade 3","Gender","Male",NA,"n<25"
"473","Ward 2","School Without Walls at Francis Stevens","PARCC","Math","Grade 3","Gender","Female",NA,"n<25"
"474","Ward 2","School Without Walls at Francis Stevens","PARCC","Math","Grade 3","Gender","Male",NA,"n<25"
"475","Ward 8","Turner ES","PARCC","Math","Grade 3","Gender","Female",NA,"n<25"
"476","Ward 8","Turner ES","PARCC","Math","Grade 3","Gender","Male",NA,"n<25"
"477","Ward 8","Turner ES","PARCC","Math","Grade 3","Race/Ethnicity","Black/African American",0,"38"
"478","Ward 8","Turner ES","PARCC","Math","Grade 3","Race/Ethnicity","Hispanic/Latino",NA,"n<25"
"479","Ward 4","Roots PCS","PARCC","Math","Grade 3","Race/Ethnicity","Black/African American",NA,"n<25"
"480","Ward 4","Roots PCS","PARCC","Math","Grade 3","Special Programs","Economically Disadvantaged",NA,"n<25"
"481","Ward 5","Washington Yu Ying PCS","PARCC","Math","Grade 3","Gender","Female",71.4,"35"
"482","Ward 5","Washington Yu Ying PCS","PARCC","Math","Grade 3","Gender","Male",50,"28"
"483","Ward 4","Truesdell EC","PARCC","Math","Grade 3","Gender","Female",NA,"n<25"
"484","Ward 4","Truesdell EC","PARCC","Math","Grade 3","Gender","Male",21.9,"32"
"485","Ward 4","Truesdell EC","PARCC","Math","Grade 3","Race/Ethnicity","Black/African American",NA,"n<25"
"486","Ward 4","Truesdell EC","PARCC","Math","Grade 3","Race/Ethnicity","Hispanic/Latino",12.8,"39"
"487","Ward 4","Truesdell EC","PARCC","Math","Grade 3","Special Programs","Economically Disadvantaged",14.5,"55"
"488","Ward 2","Ross ES","PARCC","Math","Grade 3","Race/Ethnicity","Black/African American",NA,"n<25"
"489","Ward 2","Ross ES","PARCC","Math","Grade 3","Race/Ethnicity","Hispanic/Latino",NA,"n<25"
"490","Ward 2","Ross ES","PARCC","Math","Grade 3","Special Programs","Economically Disadvantaged",NA,"n<25"
"491","Ward 5","Washington Yu Ying PCS","PARCC","Math","Grade 3","Race/Ethnicity","Black/African American",NA,"n<25"
"492","Ward 5","Washington Yu Ying PCS","PARCC","Math","Grade 3","Race/Ethnicity","Hispanic/Latino",NA,"n<25"
"493","Ward 5","Washington Yu Ying PCS","PARCC","Math","Grade 3","Special Programs","Economically Disadvantaged",NA,"n<25"
"494","Ward 4","Takoma EC","PARCC","Math","Grade 3","Special Programs","Economically Disadvantaged",23.1,"26"
"495","Ward 7","Thomas ES","PARCC","Math","Grade 3","Gender","Female",NA,"n<25"
"496","Ward 7","Thomas ES","PARCC","Math","Grade 3","Gender","Male",7.4,"27"
"497","Ward 7","Thomas ES","PARCC","Math","Grade 3","Race/Ethnicity","Black/African American",16.3,"49"
"498","Ward 7","Thomas ES","PARCC","Math","Grade 3","Race/Ethnicity","Hispanic/Latino",NA,"n<25"
"499","Ward 7","Thomas ES","PARCC","Math","Grade 3","Special Programs","Economically Disadvantaged",16,"50"
"500","Ward 6","Two Rivers PCS 4th St","PARCC","Math","Grade 3","Gender","Female",NA,"n<25"
"501","Ward 6","Two Rivers PCS 4th St","PARCC","Math","Grade 3","Gender","Male",53.8,"26"
"502","Ward 6","Two Rivers PCS 4th St","PARCC","Math","Grade 3","Race/Ethnicity","Black/African American",50,"30"
"503","Ward 6","Two Rivers PCS 4th St","PARCC","Math","Grade 3","Race/Ethnicity","Hispanic/Latino",NA,"n<25"
"504","Ward 6","Two Rivers PCS 4th St","PARCC","Math","Grade 3","Special Programs","Economically Disadvantaged",NA,"n<25"
"505","Ward 6","Tyler ES","PARCC","Math","Grade 3","Gender","Female",NA,"n<25"
"506","Ward 6","Tyler ES","PARCC","Math","Grade 3","Gender","Male",37,"27"
"507","Ward 6","Tyler ES","PARCC","Math","Grade 3","Race/Ethnicity","Black/African American",27.5,"40"
"508","Ward 6","Tyler ES","PARCC","Math","Grade 3","Race/Ethnicity","Hispanic/Latino",NA,"n<25"
"509","Ward 6","Tyler ES","PARCC","Math","Grade 3","Special Programs","Economically Disadvantaged",38,"50"
"510","Ward 3","Stoddert ES","PARCC","Math","Grade 3","Gender","Female",69.2,"26"
"511","Ward 3","Stoddert ES","PARCC","Math","Grade 3","Gender","Male",85.7,"35"
"512","Ward 4","Takoma EC","PARCC","Math","Grade 3","Gender","Female",NA,"n<25"
"513","Ward 4","Takoma EC","PARCC","Math","Grade 3","Gender","Male",NA,"n<25"
"514","Ward 4","Takoma EC","PARCC","Math","Grade 3","Race/Ethnicity","Black/African American",NA,"n<25"
"515","Ward 4","Takoma EC","PARCC","Math","Grade 3","Race/Ethnicity","Hispanic/Latino",NA,"n<25"
"516","Ward 3","Stoddert ES","PARCC","Math","Grade 3","Race/Ethnicity","Black/African American",NA,"n<25"
"517","Ward 3","Stoddert ES","PARCC","Math","Grade 3","Race/Ethnicity","Hispanic/Latino",NA,"n<25"
"518","Ward 3","Stoddert ES","PARCC","Math","Grade 3","Special Programs","Economically Disadvantaged",NA,"n<25"
"519","Ward 4","community academy capcs online","PARCC","Math","Grade 3","Gender","Female",NA,"n<25"
"520","Ward 4","community academy capcs online","PARCC","Math","Grade 3","Gender","Male",NA,"n<25"
"521","Ward 4","community academy capcs online","PARCC","Math","Grade 3","Race/Ethnicity","Black/African American",NA,"n<25"
"522","Ward 4","community academy capcs online","PARCC","Math","Grade 3","Race/Ethnicity","Hispanic/Latino",NA,"n<25"
"523","Ward 4","community academy capcs online","PARCC","Math","Grade 3","Special Programs","Economically Disadvantaged",NA,"n<25"
"524","Ward 2","Thomson ES","PARCC","Math","Grade 3","Gender","Female",NA,"n<25"
"525","Ward 2","Thomson ES","PARCC","Math","Grade 3","Gender","Male",NA,"n<25"
"526","Ward 2","Thomson ES","PARCC","Math","Grade 3","Race/Ethnicity","Black/African American",NA,"n<25"
"527","Ward 2","Thomson ES","PARCC","Math","Grade 3","Race/Ethnicity","Hispanic/Latino",10.3,"29"
"528","Ward 2","Thomson ES","PARCC","Math","Grade 3","Special Programs","Economically Disadvantaged",16.2,"37"
"529","Ward 5","tree of life pcs","PARCC","Math","Grade 3","Gender","Female",NA,"n<25"
"530","Ward 5","tree of life pcs","PARCC","Math","Grade 3","Gender","Male",NA,"n<25"
"531","Ward 5","tree of life pcs","PARCC","Math","Grade 3","Race/Ethnicity","Black/African American",NA,"n<25"
"532","Ward 5","tree of life pcs","PARCC","Math","Grade 3","Special Programs","Economically Disadvantaged",NA,"n<25"
"533","Ward 1","Tubman ES","PARCC","Math","Grade 3","Gender","Female",14.8,"27"
"534","Ward 1","Tubman ES","PARCC","Math","Grade 3","Gender","Male",16.7,"36"
"535","Ward 1","Tubman ES","PARCC","Math","Grade 3","Race/Ethnicity","Black/African American",11.5,"26"
"536","Ward 1","Tubman ES","PARCC","Math","Grade 3","Race/Ethnicity","Hispanic/Latino",11.8,"34"
"537","Ward 1","Tubman ES","PARCC","Math","Grade 3","Special Programs","Economically Disadvantaged",15.9,"63"
"538","Ward 5","brookland ec at bunker hill","PARCC","Math","Grade 3","Gender","Female",NA,"n<25"
"539","Ward 5","brookland ec at bunker hill","PARCC","Math","Grade 3","Gender","Male",NA,"n<25"
"540","Ward 5","brookland ec at bunker hill","PARCC","Math","Grade 3","Race/Ethnicity","Black/African American",NA,"n<25"
"541","Ward 5","brookland ec at bunker hill","PARCC","Math","Grade 3","Race/Ethnicity","Hispanic/Latino",NA,"n<25"
"542","Ward 5","brookland ec at bunker hill","PARCC","Math","Grade 3","Special Programs","Economically Disadvantaged",8,"25"
"543","Ward 4","Whittier EC","PARCC","Math","Grade 3","Race/Ethnicity","Black/African American",NA,"n<25"
"544","Ward 6","Watkins ES Capitol Hill Cluster","PARCC","Math","Grade 3","Special Programs","Economically Disadvantaged",29.3,"41"
"545","Ward 5","community academy pcs  amos 5","PARCC","Math","Grade 3","Gender","Female",10.7,"28"
"546","Ward 5","community academy pcs  amos 5","PARCC","Math","Grade 3","Gender","Male",10,"30"
"547","Ward 5","community academy pcs  amos 5","PARCC","Math","Grade 3","Race/Ethnicity","Black/African American",8.7,"46"
"548","Ward 5","community academy pcs  amos 5","PARCC","Math","Grade 3","Race/Ethnicity","Hispanic/Latino",NA,"n<25"
"549","Ward 5","community academy pcs  amos 5","PARCC","Math","Grade 3","Special Programs","Economically Disadvantaged",10.3,"58"
"550","Ward 4","Whittier EC","PARCC","Math","Grade 3","Race/Ethnicity","Hispanic/Latino",NA,"n<25"
"551","Ward 4","Whittier EC","PARCC","Math","Grade 3","Special Programs","Economically Disadvantaged",20.7,"29"
"552","Ward 6","Watkins ES Capitol Hill Cluster","PARCC","Math","Grade 3","Gender","Female",40.5,"37"
"553","Ward 6","Watkins ES Capitol Hill Cluster","PARCC","Math","Grade 3","Gender","Male",38.5,"52"
"554","Ward 6","Watkins ES Capitol Hill Cluster","PARCC","Math","Grade 3","Race/Ethnicity","Black/African American",29.6,"71"
"555","Ward 6","Watkins ES Capitol Hill Cluster","PARCC","Math","Grade 3","Race/Ethnicity","Hispanic/Latino",NA,"n<25"
"556","Ward 4","West EC","PARCC","Math","Grade 3","Gender","Female",NA,"n<25"
"557","Ward 4","West EC","PARCC","Math","Grade 3","Gender","Male",NA,"n<25"
"558","Ward 4","West EC","PARCC","Math","Grade 3","Race/Ethnicity","Black/African American",NA,"n<25"
"559","Ward 4","West EC","PARCC","Math","Grade 3","Race/Ethnicity","Hispanic/Latino",NA,"n<25"
"560","Ward 4","West EC","PARCC","Math","Grade 3","Special Programs","Economically Disadvantaged",NA,"n<25"
"561","Ward 4","community academy amos i","PARCC","Math","Grade 3","Gender","Female",20,"35"
"562","Ward 4","community academy amos i","PARCC","Math","Grade 3","Gender","Male",27,"37"
"563","Ward 4","community academy amos i","PARCC","Math","Grade 3","Race/Ethnicity","Black/African American",22,"41"
"564","Ward 4","community academy amos i","PARCC","Math","Grade 3","Race/Ethnicity","Hispanic/Latino",24.1,"29"
"565","Ward 4","community academy amos i","PARCC","Math","Grade 3","Special Programs","Economically Disadvantaged",23.6,"72"
"566","Ward 4","Whittier EC","PARCC","Math","Grade 3","Gender","Female",NA,"n<25"
"567","Ward 4","Whittier EC","PARCC","Math","Grade 3","Gender","Male",NA,"n<25"
"568","Ward 5","Wheatley EC","PARCC","Math","Grade 3","Gender","Female",NA,"n<25"
"569","Ward 5","Wheatley EC","PARCC","Math","Grade 3","Gender","Male",NA,"n<25"
"570","Ward 5","Wheatley EC","PARCC","Math","Grade 3","Race/Ethnicity","Black/African American",7.3,"41"
"571","Ward 5","Wheatley EC","PARCC","Math","Grade 3","Race/Ethnicity","Hispanic/Latino",NA,"n<25"
"572","Ward 5","Wheatley EC","PARCC","Math","Grade 3","Special Programs","Economically Disadvantaged",6.7,"45"
